{
    "COCO_int8smooth": {
        "FID": 14.020857840190047,
        "LPIPS": 0.40969074896425006,
        "PSNR": 12.541444475361047,
        "SSIM": 0.5643857745201648
    },
    "COCO_int8smooth_seg": {
        "FID": 13.498820263372693,
        "LPIPS": 0.3984860414221883,
        "PSNR": 12.675478329414952,
        "SSIM": 0.5783810262164787
    },
    "COCO_int8smooth_dual": {
        "FID": 11.29199439052195,
        "LPIPS": 0.3871095192626119,
        "PSNR": 12.805699428542528,
        "SSIM": 0.5796598175858991
    },
    "COCO_int8smooth_seg_dual": {
        "FID": 10.817702480013224,
        "LPIPS": 0.37868317241221666,
        "PSNR": 12.746182573001084,
        "SSIM": 0.5927627480168219
    },
    "MJHQ_int8smooth": {
        "FID": 27.74060970305044,
        "LPIPS": 0.41933044064412206,
        "PSNR": 12.391886232883026,
        "SSIM": 0.5268964483196316
    },
    "MJHQ_int8smooth_seg": {
        "FID": 15.729282470865257,
        "LPIPS": 0.41389790363907814,
        "PSNR": 12.34851141887196,
        "SSIM": 0.5439520724913078
    },
    "MJHQ_int8smooth_dual": {
        "FID": 13.069121840585808,
        "LPIPS": 0.4002784203417599,
        "PSNR": 12.63624514518376,
        "SSIM": 0.5466268050468681
    },
    "MJHQ_int8smooth_seg_dual": {
        "FID": 12.3755739070441,
        "LPIPS": 0.3890162795335054,
        "PSNR": 12.680765800085899,
        "SSIM": 0.5601616396694348
    },
    "MJHQ_int8smooth_seg_dual_affine": {
        "FID": 14.041528324898707,
        "LPIPS": 0.4720704653024673,
        "PSNR": 10.891983242693003,
        "SSIM": 0.43734606390024494
    },
    "DCI_int8smooth": {
        "FID": 15.640315026703774,
        "LPIPS": 0.44335514414012434,
        "PSNR": 12.361840478428784,
        "SSIM": 0.5101132332603215
    },
    "DCI_int8smooth_seg": {
        "FID": 15.681045606586565,
        "LPIPS": 0.5187448684871196,
        "PSNR": 10.768410523085047,
        "SSIM": 0.38202337220221855
    },
    "DCI_int8smooth_dual": {
        "FID": 12.86139645622012,
        "LPIPS": 0.4855313708782196,
        "PSNR": 11.198557283034996,
        "SSIM": 0.4231908753851765
    },
    "DCI_int8smooth_seg_dual": {
        "FID": 27.53093227623873,
        "LPIPS": 0.5765548358949707,
        "PSNR": 9.395545777304955,
        "SSIM": 0.2712568015309401
    }
}